step,ratio makespan
0,2.515695825374655
5000,2.1349305097286235
10000,1.8747127520769318
15000,1.7652568947264193
