step,ratio makespan
0,1.880982775479215
5000,1.7712027898314042
10000,1.6972400159219438
15000,1.5994936677197975
20000,1.5975441357098836
25000,1.4249155512660066
30000,1.3409267320542857
35000,1.2441674641606215
40000,1.2334002671441289
45000,1.2425404149153079
50000,1.215515608246599
55000,1.2172901087518149
60000,1.226836227789968
