step,ratio makespan
0,2.320478436997709
100000,1.7779487830203573
